Name,Given Name,Additional Name,Family Name,Yomi Name,Given Name Yomi,Additional Name Yomi,Family Name Yomi,Name Prefix,Name Suffix,Initials,Nickname,Short Name,Maiden Name,Birthday,Gender,Location,Billing Information,Directory Server,Mileage,Occupation,Hobby,Sensitivity,Priority,Subject,Notes,Group Membership,E-mail 1 - Type,E-mail 1 - Value,Phone 1 - Type,Phone 1 - Value
Adrien Fabre,Adrien,,Fabre,,,,,,,,,,,,,,,,,,,,,,,* My Contacts,* INTERNET,adrien.fabre92@gmail.com,Mobile,0626554879
Amine Bekali ,Amine,,Bekali,,,,,,,,,,,,,,,,,,,,,,,* My Contacts,* Home,amine.bekkali.efrei@gmail.com,Mobile,+33 6 51 91 56 95
Emeric Batistoni,Emeric,,Batistoni,,,,,,,,,,,,,,,,,,,,,,,* My Contacts,* Other,batistoni.emeric@gmail.com,Mobile,+33612735925
Matthieu Filizzola,Matthieu,,Filizzola,,,,,,,,,,,,,,,,,,,,,,,* My Contacts,* INTERNET,matthieu@filizzola.fr,Mobile,+33677303067
Nicolas Escudier ,Nicolas,,Escudier,,,,,,,,,,,,,,,,,,,,,,,* My Contacts,* Home,niescudier@gmail.com,Mobile,06 08 27 75 26
Pierre Renoux,Pierre,,Renoux,,,,,,,,,,,,,,,,,,,,,,,* My Contacts,* Home,opahl91@gmail.com,Mobile,+33625729167
Sylvie Boudailliez,Sylvie,,Boudailliez,,,,,,,,,,,,,,,,,,,,,,,TAI orga et processus ::: TAI mpi ::: * My Contacts,* INTERNET,sylviieb@gmail.com,Mobile,+33618674198
Victor Haffreingue,Victor,,Haffreingue,,,,,,,,,,,,,,,,,,,,,,,* My Contacts,* Home,haffreinguev@gmail.com,Mobile,+33659577231
